﻿<?xml version="1.0"?>
<doc>
<assembly>
<name>
FoodXeroxClient
</name>
</assembly>
<members>
<member name="T:FoodXeroxClient.My.Resources.Resources">
<summary>
  A strongly-typed resource class, for looking up localized strings, etc.
</summary>
</member>
<member name="P:FoodXeroxClient.My.Resources.Resources.ResourceManager">
<summary>
  Returns the cached ResourceManager instance used by this class.
</summary>
</member>
<member name="P:FoodXeroxClient.My.Resources.Resources.Culture">
<summary>
  Overrides the current thread's CurrentUICulture property for all
  resource lookups using this strongly typed resource class.
</summary>
</member>
<member name="T:FoodXeroxClient.MISInterfaceService">
<remarks/>
</member>
<member name="M:FoodXeroxClient.MISInterfaceService.#ctor">
<remarks/>
</member>
<member name="E:FoodXeroxClient.MISInterfaceService.AdjustBenefitsCompleted">
<remarks/>
</member>
<member name="E:FoodXeroxClient.MISInterfaceService.GetBenefitBalanceCompleted">
<remarks/>
</member>
<member name="E:FoodXeroxClient.MISInterfaceService.GetCardholdersCardsCompleted">
<remarks/>
</member>
<member name="E:FoodXeroxClient.MISInterfaceService.UpdateCardholderCompleted">
<remarks/>
</member>
<member name="E:FoodXeroxClient.MISInterfaceService.SignOnCompleted">
<remarks/>
</member>
<member name="E:FoodXeroxClient.MISInterfaceService.SignOffCompleted">
<remarks/>
</member>
<member name="E:FoodXeroxClient.MISInterfaceService.CreateEBACompleted">
<remarks/>
</member>
<member name="E:FoodXeroxClient.MISInterfaceService.UpdateEBACompleted">
<remarks/>
</member>
<member name="E:FoodXeroxClient.MISInterfaceService.AddCardholderCompleted">
<remarks/>
</member>
<member name="E:FoodXeroxClient.MISInterfaceService.UnlockPINCompleted">
<remarks/>
</member>
<member name="M:FoodXeroxClient.MISInterfaceService.AdjustBenefits(FoodXeroxClient.MonthlyFoodBenefitObject,FoodXeroxClient.SecurityAuthorizationObject)">
<remarks/>
</member>
<member name="M:FoodXeroxClient.MISInterfaceService.BeginAdjustBenefits(FoodXeroxClient.MonthlyFoodBenefitObject,FoodXeroxClient.SecurityAuthorizationObject,System.AsyncCallback,System.Object)">
<remarks/>
</member>
<member name="M:FoodXeroxClient.MISInterfaceService.EndAdjustBenefits(System.IAsyncResult)">
<remarks/>
</member>
<member name="M:FoodXeroxClient.MISInterfaceService.AdjustBenefitsAsync(FoodXeroxClient.MonthlyFoodBenefitObject,FoodXeroxClient.SecurityAuthorizationObject)">
<remarks/>
</member>
<member name="M:FoodXeroxClient.MISInterfaceService.AdjustBenefitsAsync(FoodXeroxClient.MonthlyFoodBenefitObject,FoodXeroxClient.SecurityAuthorizationObject,System.Object)">
<remarks/>
</member>
<member name="M:FoodXeroxClient.MISInterfaceService.GetBenefitBalance(System.String,System.String,System.DateTime,System.Boolean,System.DateTime,System.Boolean,System.Int16,FoodXeroxClient.SecurityAuthorizationObject)">
<remarks/>
</member>
<member name="M:FoodXeroxClient.MISInterfaceService.BeginGetBenefitBalance(System.String,System.String,System.DateTime,System.Boolean,System.DateTime,System.Boolean,System.Int16,FoodXeroxClient.SecurityAuthorizationObject,System.AsyncCallback,System.Object)">
<remarks/>
</member>
<member name="M:FoodXeroxClient.MISInterfaceService.EndGetBenefitBalance(System.IAsyncResult)">
<remarks/>
</member>
<member name="M:FoodXeroxClient.MISInterfaceService.GetBenefitBalanceAsync(System.String,System.String,System.DateTime,System.Boolean,System.DateTime,System.Boolean,System.Int16,FoodXeroxClient.SecurityAuthorizationObject)">
<remarks/>
</member>
<member name="M:FoodXeroxClient.MISInterfaceService.GetBenefitBalanceAsync(System.String,System.String,System.DateTime,System.Boolean,System.DateTime,System.Boolean,System.Int16,FoodXeroxClient.SecurityAuthorizationObject,System.Object)">
<remarks/>
</member>
<member name="M:FoodXeroxClient.MISInterfaceService.GetCardholdersCards(System.String,System.String,System.DateTime,System.DateTime,System.String,System.String,System.Int16,FoodXeroxClient.SecurityAuthorizationObject)">
<remarks/>
</member>
<member name="M:FoodXeroxClient.MISInterfaceService.BeginGetCardholdersCards(System.String,System.String,System.DateTime,System.DateTime,System.String,System.String,System.Int16,FoodXeroxClient.SecurityAuthorizationObject,System.AsyncCallback,System.Object)">
<remarks/>
</member>
<member name="M:FoodXeroxClient.MISInterfaceService.EndGetCardholdersCards(System.IAsyncResult)">
<remarks/>
</member>
<member name="M:FoodXeroxClient.MISInterfaceService.GetCardholdersCardsAsync(System.String,System.String,System.DateTime,System.DateTime,System.String,System.String,System.Int16,FoodXeroxClient.SecurityAuthorizationObject)">
<remarks/>
</member>
<member name="M:FoodXeroxClient.MISInterfaceService.GetCardholdersCardsAsync(System.String,System.String,System.DateTime,System.DateTime,System.String,System.String,System.Int16,FoodXeroxClient.SecurityAuthorizationObject,System.Object)">
<remarks/>
</member>
<member name="M:FoodXeroxClient.MISInterfaceService.UpdateCardholder(System.String,System.String,System.String,System.String,System.DateTime,System.String,System.String,FoodXeroxClient.CardholderPersonObject,FoodXeroxClient.SecurityAuthorizationObject)">
<remarks/>
</member>
<member name="M:FoodXeroxClient.MISInterfaceService.BeginUpdateCardholder(System.String,System.String,System.String,System.String,System.DateTime,System.String,System.String,FoodXeroxClient.CardholderPersonObject,FoodXeroxClient.SecurityAuthorizationObject,System.AsyncCallback,System.Object)">
<remarks/>
</member>
<member name="M:FoodXeroxClient.MISInterfaceService.EndUpdateCardholder(System.IAsyncResult)">
<remarks/>
</member>
<member name="M:FoodXeroxClient.MISInterfaceService.UpdateCardholderAsync(System.String,System.String,System.String,System.String,System.DateTime,System.String,System.String,FoodXeroxClient.CardholderPersonObject,FoodXeroxClient.SecurityAuthorizationObject)">
<remarks/>
</member>
<member name="M:FoodXeroxClient.MISInterfaceService.UpdateCardholderAsync(System.String,System.String,System.String,System.String,System.DateTime,System.String,System.String,FoodXeroxClient.CardholderPersonObject,FoodXeroxClient.SecurityAuthorizationObject,System.Object)">
<remarks/>
</member>
<member name="M:FoodXeroxClient.MISInterfaceService.SignOn(System.String,System.String)">
<remarks/>
</member>
<member name="M:FoodXeroxClient.MISInterfaceService.BeginSignOn(System.String,System.String,System.AsyncCallback,System.Object)">
<remarks/>
</member>
<member name="M:FoodXeroxClient.MISInterfaceService.EndSignOn(System.IAsyncResult)">
<remarks/>
</member>
<member name="M:FoodXeroxClient.MISInterfaceService.SignOnAsync(System.String,System.String)">
<remarks/>
</member>
<member name="M:FoodXeroxClient.MISInterfaceService.SignOnAsync(System.String,System.String,System.Object)">
<remarks/>
</member>
<member name="M:FoodXeroxClient.MISInterfaceService.SignOff(System.String,System.Boolean@,System.Boolean@)">
<remarks/>
</member>
<member name="M:FoodXeroxClient.MISInterfaceService.BeginSignOff(System.String,System.AsyncCallback,System.Object)">
<remarks/>
</member>
<member name="M:FoodXeroxClient.MISInterfaceService.EndSignOff(System.IAsyncResult,System.Boolean@,System.Boolean@)">
<remarks/>
</member>
<member name="M:FoodXeroxClient.MISInterfaceService.SignOffAsync(System.String)">
<remarks/>
</member>
<member name="M:FoodXeroxClient.MISInterfaceService.SignOffAsync(System.String,System.Object)">
<remarks/>
</member>
<member name="M:FoodXeroxClient.MISInterfaceService.CreateEBA(FoodXeroxClient.HouseholdObject,FoodXeroxClient.SecurityAuthorizationObject)">
<remarks/>
</member>
<member name="M:FoodXeroxClient.MISInterfaceService.BeginCreateEBA(FoodXeroxClient.HouseholdObject,FoodXeroxClient.SecurityAuthorizationObject,System.AsyncCallback,System.Object)">
<remarks/>
</member>
<member name="M:FoodXeroxClient.MISInterfaceService.EndCreateEBA(System.IAsyncResult)">
<remarks/>
</member>
<member name="M:FoodXeroxClient.MISInterfaceService.CreateEBAAsync(FoodXeroxClient.HouseholdObject,FoodXeroxClient.SecurityAuthorizationObject)">
<remarks/>
</member>
<member name="M:FoodXeroxClient.MISInterfaceService.CreateEBAAsync(FoodXeroxClient.HouseholdObject,FoodXeroxClient.SecurityAuthorizationObject,System.Object)">
<remarks/>
</member>
<member name="M:FoodXeroxClient.MISInterfaceService.UpdateEBA(FoodXeroxClient.HouseholdObject,FoodXeroxClient.SecurityAuthorizationObject)">
<remarks/>
</member>
<member name="M:FoodXeroxClient.MISInterfaceService.BeginUpdateEBA(FoodXeroxClient.HouseholdObject,FoodXeroxClient.SecurityAuthorizationObject,System.AsyncCallback,System.Object)">
<remarks/>
</member>
<member name="M:FoodXeroxClient.MISInterfaceService.EndUpdateEBA(System.IAsyncResult)">
<remarks/>
</member>
<member name="M:FoodXeroxClient.MISInterfaceService.UpdateEBAAsync(FoodXeroxClient.HouseholdObject,FoodXeroxClient.SecurityAuthorizationObject)">
<remarks/>
</member>
<member name="M:FoodXeroxClient.MISInterfaceService.UpdateEBAAsync(FoodXeroxClient.HouseholdObject,FoodXeroxClient.SecurityAuthorizationObject,System.Object)">
<remarks/>
</member>
<member name="M:FoodXeroxClient.MISInterfaceService.AddCardholder(System.String,System.String,System.String,FoodXeroxClient.CardholderPersonObject,FoodXeroxClient.SecurityAuthorizationObject)">
<remarks/>
</member>
<member name="M:FoodXeroxClient.MISInterfaceService.BeginAddCardholder(System.String,System.String,System.String,FoodXeroxClient.CardholderPersonObject,FoodXeroxClient.SecurityAuthorizationObject,System.AsyncCallback,System.Object)">
<remarks/>
</member>
<member name="M:FoodXeroxClient.MISInterfaceService.EndAddCardholder(System.IAsyncResult)">
<remarks/>
</member>
<member name="M:FoodXeroxClient.MISInterfaceService.AddCardholderAsync(System.String,System.String,System.String,FoodXeroxClient.CardholderPersonObject,FoodXeroxClient.SecurityAuthorizationObject)">
<remarks/>
</member>
<member name="M:FoodXeroxClient.MISInterfaceService.AddCardholderAsync(System.String,System.String,System.String,FoodXeroxClient.CardholderPersonObject,FoodXeroxClient.SecurityAuthorizationObject,System.Object)">
<remarks/>
</member>
<member name="M:FoodXeroxClient.MISInterfaceService.UnlockPIN(System.String,System.String,FoodXeroxClient.SecurityAuthorizationObject)">
<remarks/>
</member>
<member name="M:FoodXeroxClient.MISInterfaceService.BeginUnlockPIN(System.String,System.String,FoodXeroxClient.SecurityAuthorizationObject,System.AsyncCallback,System.Object)">
<remarks/>
</member>
<member name="M:FoodXeroxClient.MISInterfaceService.EndUnlockPIN(System.IAsyncResult)">
<remarks/>
</member>
<member name="M:FoodXeroxClient.MISInterfaceService.UnlockPINAsync(System.String,System.String,FoodXeroxClient.SecurityAuthorizationObject)">
<remarks/>
</member>
<member name="M:FoodXeroxClient.MISInterfaceService.UnlockPINAsync(System.String,System.String,FoodXeroxClient.SecurityAuthorizationObject,System.Object)">
<remarks/>
</member>
<member name="M:FoodXeroxClient.MISInterfaceService.CancelAsync(System.Object)">
<remarks/>
</member>
<member name="T:FoodXeroxClient.MonthlyFoodBenefitObject">
<remarks/>
</member>
<member name="P:FoodXeroxClient.MonthlyFoodBenefitObject.HouseholdID">
<remarks/>
</member>
<member name="P:FoodXeroxClient.MonthlyFoodBenefitObject.eWICCardNumber">
<remarks/>
</member>
<member name="P:FoodXeroxClient.MonthlyFoodBenefitObject.UniqueBenefitID">
<remarks/>
</member>
<member name="P:FoodXeroxClient.MonthlyFoodBenefitObject.LocalAgencyID">
<remarks/>
</member>
<member name="P:FoodXeroxClient.MonthlyFoodBenefitObject.ClinicID">
<remarks/>
</member>
<member name="P:FoodXeroxClient.MonthlyFoodBenefitObject.BenefitStartDate">
<remarks/>
</member>
<member name="P:FoodXeroxClient.MonthlyFoodBenefitObject.BenefitEndDate">
<remarks/>
</member>
<member name="P:FoodXeroxClient.MonthlyFoodBenefitObject.BenefitActionCode">
<remarks/>
</member>
<member name="P:FoodXeroxClient.MonthlyFoodBenefitObject.FoodBenefitObject">
<remarks/>
</member>
<member name="T:FoodXeroxClient.FoodBenefitObject">
<remarks/>
</member>
<member name="P:FoodXeroxClient.FoodBenefitObject.CategoryCode">
<remarks/>
</member>
<member name="P:FoodXeroxClient.FoodBenefitObject.SubcategoryCode">
<remarks/>
</member>
<member name="P:FoodXeroxClient.FoodBenefitObject.BenefitQuantity">
<remarks/>
</member>
<member name="T:FoodXeroxClient.HouseholdMailingAddressObject">
<remarks/>
</member>
<member name="P:FoodXeroxClient.HouseholdMailingAddressObject.AddressLine1">
<remarks/>
</member>
<member name="P:FoodXeroxClient.HouseholdMailingAddressObject.AddressLine2">
<remarks/>
</member>
<member name="P:FoodXeroxClient.HouseholdMailingAddressObject.City">
<remarks/>
</member>
<member name="P:FoodXeroxClient.HouseholdMailingAddressObject.StateAbbreviation">
<remarks/>
</member>
<member name="P:FoodXeroxClient.HouseholdMailingAddressObject.ZIPCode">
<remarks/>
</member>
<member name="T:FoodXeroxClient.HouseholdObject">
<remarks/>
</member>
<member name="P:FoodXeroxClient.HouseholdObject.HouseholdID">
<remarks/>
</member>
<member name="P:FoodXeroxClient.HouseholdObject.HouseholdStatusCode">
<remarks/>
</member>
<member name="P:FoodXeroxClient.HouseholdObject.HouseholdTypeCode">
<remarks/>
</member>
<member name="P:FoodXeroxClient.HouseholdObject.HeadOfHouseholdPersonObject">
<remarks/>
</member>
<member name="P:FoodXeroxClient.HouseholdObject.HouseholdMailingAddressObject">
<remarks/>
</member>
<member name="T:FoodXeroxClient.HeadOfHouseholdPersonObject">
<remarks/>
</member>
<member name="P:FoodXeroxClient.HeadOfHouseholdPersonObject.FirstName">
<remarks/>
</member>
<member name="P:FoodXeroxClient.HeadOfHouseholdPersonObject.LastName">
<remarks/>
</member>
<member name="P:FoodXeroxClient.HeadOfHouseholdPersonObject.MiddleInitial">
<remarks/>
</member>
<member name="P:FoodXeroxClient.HeadOfHouseholdPersonObject.EmailAddress">
<remarks/>
</member>
<member name="P:FoodXeroxClient.HeadOfHouseholdPersonObject.DateOfBirth">
<remarks/>
</member>
<member name="P:FoodXeroxClient.HeadOfHouseholdPersonObject.DateOfBirthSpecified">
<remarks/>
</member>
<member name="T:FoodXeroxClient.CardholderPersonObject">
<remarks/>
</member>
<member name="P:FoodXeroxClient.CardholderPersonObject.FirstName">
<remarks/>
</member>
<member name="P:FoodXeroxClient.CardholderPersonObject.LastName">
<remarks/>
</member>
<member name="P:FoodXeroxClient.CardholderPersonObject.MiddleInitial">
<remarks/>
</member>
<member name="P:FoodXeroxClient.CardholderPersonObject.EmailAddress">
<remarks/>
</member>
<member name="P:FoodXeroxClient.CardholderPersonObject.DateOfBirth">
<remarks/>
</member>
<member name="T:FoodXeroxClient.CardholderSearchResultObject">
<remarks/>
</member>
<member name="P:FoodXeroxClient.CardholderSearchResultObject.FunctionReturnCode">
<remarks/>
</member>
<member name="P:FoodXeroxClient.CardholderSearchResultObject.HouseholdID">
<remarks/>
</member>
<member name="P:FoodXeroxClient.CardholderSearchResultObject.eWICCardNumber">
<remarks/>
</member>
<member name="P:FoodXeroxClient.CardholderSearchResultObject.CardholderTypeCode">
<remarks/>
</member>
<member name="P:FoodXeroxClient.CardholderSearchResultObject.CardholderPersonObject">
<remarks/>
</member>
<member name="P:FoodXeroxClient.CardholderSearchResultObject.CardStatusDate">
<remarks/>
</member>
<member name="P:FoodXeroxClient.CardholderSearchResultObject.CardStatusDateSpecified">
<remarks/>
</member>
<member name="P:FoodXeroxClient.CardholderSearchResultObject.CardStatusCode">
<remarks/>
</member>
<member name="P:FoodXeroxClient.CardholderSearchResultObject.CardStatusReasonCode">
<remarks/>
</member>
<member name="T:FoodXeroxClient.FoodBenefitBalanceObject">
<remarks/>
</member>
<member name="P:FoodXeroxClient.FoodBenefitBalanceObject.CategoryCode">
<remarks/>
</member>
<member name="P:FoodXeroxClient.FoodBenefitBalanceObject.SubcategoryCode">
<remarks/>
</member>
<member name="P:FoodXeroxClient.FoodBenefitBalanceObject.AvailableBenefitQuantity">
<remarks/>
</member>
<member name="P:FoodXeroxClient.FoodBenefitBalanceObject.ActiveHoldQuantity">
<remarks/>
</member>
<member name="T:FoodXeroxClient.BenefitBalanceObject">
<remarks/>
</member>
<member name="P:FoodXeroxClient.BenefitBalanceObject.FunctionReturnCode">
<remarks/>
</member>
<member name="P:FoodXeroxClient.BenefitBalanceObject.UniqueBenefitID">
<remarks/>
</member>
<member name="P:FoodXeroxClient.BenefitBalanceObject.BenefitStartDate">
<remarks/>
</member>
<member name="P:FoodXeroxClient.BenefitBalanceObject.BenefitEndDate">
<remarks/>
</member>
<member name="P:FoodXeroxClient.BenefitBalanceObject.FoodBenefitObject">
<remarks/>
</member>
<member name="T:FoodXeroxClient.SecurityAuthorizationObject">
<remarks/>
</member>
<member name="P:FoodXeroxClient.SecurityAuthorizationObject.eWICSystemID">
<remarks/>
</member>
<member name="P:FoodXeroxClient.SecurityAuthorizationObject.MessageType">
<remarks/>
</member>
<member name="P:FoodXeroxClient.SecurityAuthorizationObject.MessageVersion">
<remarks/>
</member>
<member name="P:FoodXeroxClient.SecurityAuthorizationObject.WICStateAgencyID">
<remarks/>
</member>
<member name="P:FoodXeroxClient.SecurityAuthorizationObject.WICMISSystemID">
<remarks/>
</member>
<member name="P:FoodXeroxClient.SecurityAuthorizationObject.WorkstationID">
<remarks/>
</member>
<member name="P:FoodXeroxClient.SecurityAuthorizationObject.Username">
<remarks/>
</member>
<member name="P:FoodXeroxClient.SecurityAuthorizationObject.MessageDateAndTime">
<remarks/>
</member>
<member name="P:FoodXeroxClient.SecurityAuthorizationObject.SecurityToken">
<remarks/>
</member>
<member name="T:FoodXeroxClient.AdjustBenefitsCompletedEventHandler">
<remarks/>
</member>
<member name="T:FoodXeroxClient.AdjustBenefitsCompletedEventArgs">
<remarks/>
</member>
<member name="P:FoodXeroxClient.AdjustBenefitsCompletedEventArgs.Result">
<remarks/>
</member>
<member name="T:FoodXeroxClient.GetBenefitBalanceCompletedEventHandler">
<remarks/>
</member>
<member name="T:FoodXeroxClient.GetBenefitBalanceCompletedEventArgs">
<remarks/>
</member>
<member name="P:FoodXeroxClient.GetBenefitBalanceCompletedEventArgs.Result">
<remarks/>
</member>
<member name="T:FoodXeroxClient.GetCardholdersCardsCompletedEventHandler">
<remarks/>
</member>
<member name="T:FoodXeroxClient.GetCardholdersCardsCompletedEventArgs">
<remarks/>
</member>
<member name="P:FoodXeroxClient.GetCardholdersCardsCompletedEventArgs.Result">
<remarks/>
</member>
<member name="T:FoodXeroxClient.UpdateCardholderCompletedEventHandler">
<remarks/>
</member>
<member name="T:FoodXeroxClient.UpdateCardholderCompletedEventArgs">
<remarks/>
</member>
<member name="P:FoodXeroxClient.UpdateCardholderCompletedEventArgs.Result">
<remarks/>
</member>
<member name="T:FoodXeroxClient.SignOnCompletedEventHandler">
<remarks/>
</member>
<member name="T:FoodXeroxClient.SignOnCompletedEventArgs">
<remarks/>
</member>
<member name="P:FoodXeroxClient.SignOnCompletedEventArgs.Result">
<remarks/>
</member>
<member name="T:FoodXeroxClient.SignOffCompletedEventHandler">
<remarks/>
</member>
<member name="T:FoodXeroxClient.SignOffCompletedEventArgs">
<remarks/>
</member>
<member name="P:FoodXeroxClient.SignOffCompletedEventArgs.SignOffResult">
<remarks/>
</member>
<member name="P:FoodXeroxClient.SignOffCompletedEventArgs.SignOffResultSpecified">
<remarks/>
</member>
<member name="T:FoodXeroxClient.CreateEBACompletedEventHandler">
<remarks/>
</member>
<member name="T:FoodXeroxClient.CreateEBACompletedEventArgs">
<remarks/>
</member>
<member name="P:FoodXeroxClient.CreateEBACompletedEventArgs.Result">
<remarks/>
</member>
<member name="T:FoodXeroxClient.UpdateEBACompletedEventHandler">
<remarks/>
</member>
<member name="T:FoodXeroxClient.UpdateEBACompletedEventArgs">
<remarks/>
</member>
<member name="P:FoodXeroxClient.UpdateEBACompletedEventArgs.Result">
<remarks/>
</member>
<member name="T:FoodXeroxClient.AddCardholderCompletedEventHandler">
<remarks/>
</member>
<member name="T:FoodXeroxClient.AddCardholderCompletedEventArgs">
<remarks/>
</member>
<member name="P:FoodXeroxClient.AddCardholderCompletedEventArgs.Result">
<remarks/>
</member>
<member name="T:FoodXeroxClient.UnlockPINCompletedEventHandler">
<remarks/>
</member>
<member name="T:FoodXeroxClient.UnlockPINCompletedEventArgs">
<remarks/>
</member>
<member name="P:FoodXeroxClient.UnlockPINCompletedEventArgs.Result">
<remarks/>
</member>
<member name="T:FoodXeroxClient.XeroxClientWrapper">
 <summary>
 Wraps the actual <see cref="T:FoodXeroxClient.MISInterfaceService"/> so .NET Core components can access it.  Functionality will be added to
 this class as required.
 </summary>
</member>
</members>
</doc>
